{"Camera1": {"CameraIntrinsic": [1192.232875371651, 0.0, 951.9484671281823, 0.0, 1197.4944295652656, 547.2126315503306, 0.0, 0.0, 1.0], "CameraMatrix": [-0.5491637414841242, -0.8355024814193572, -0.018835832374884398, 0.28091539407100574, -0.11549727250272601, 0.09819844058364735, -0.9884419286490083, 1.1576656524207936, 0.8276953334914902, -0.5406409805120553, -0.15042528081201756, 4.3791450015311, 0.0, 0.0, 0.0, 1.0], "CameraNumber": 1, "DistCoeff": [-0.129389493147927, 0.08781451577285594, 0.001536979204712802, -0.0004460313416914433, 0.0070733384513311836], "FrameHeight": 1080.0, "FrameWidth": 1920.0, "fps": 60.0}, "Camera2": {"CameraIntrinsic": [1183.81959329061, 0.0, 934.6881263440345, 0.0, 1187.573848396027, 533.0096515566881, 0.0, 0.0, 1.0], "CameraMatrix": [0.48509741045869925, -0.8739972013424542, 0.028449857852409777, 0.27256490185756627, -0.12189069452663426, -0.09979835100959877, -0.9875135177422028, 1.325206988747042, 0.8659232996946551, 0.4755724773168888, -0.15494404752877086, 2.978507500139543, 0.0, 0.0, 0.0, 1.0], "CameraNumber": 2, "DistCoeff": [-0.13111196866374028, 0.1095883212565468, 0.00015767791779402104, -0.00019504462572514649, -0.025682232936151878], "FrameHeight": 1080.0, "FrameWidth": 1920.0, "fps": 60.0}, "Camera3": {"CameraIntrinsic": [1173.959854971223, 0.0, 950.5933570901555, 0.0, 1177.7936023612563, 498.9638316195276, 0.0, 0.0, 1.0], "CameraMatrix": [-0.6633780465922307, 0.7477771351743621, 0.027548564570592127, 0.41683632181601027, 0.07786545965684705, 0.10559918800465695, -0.9913555273892336, 1.2115061129688771, -0.7442221022597382, -0.6554984115947049, -0.12827819341148683, 4.595167560199999, 0.0, 0.0, 0.0, 1.0], "CameraNumber": 3, "DistCoeff": [-0.1345116638009251, 0.1152640631223438, -0.0006031943792389541, -0.00020538066840608657, -0.02890488054529592], "FrameHeight": 1080.0, "FrameWidth": 1920.0, "fps": 60.0}, "Camera4": {"CameraIntrinsic": [1144.9274579713099, 0.0, 956.829068521758, 0.0, 1148.9859166978372, 524.216830547232, 0.0, 0.0, 1.0], "CameraMatrix": [0.6281193698297086, 0.77807459933066, 0.008122507073709095, -1.0222645136647988, 0.11046873131518842, -0.0788358757106393, -0.990747982133978, 1.1850166411185943, -0.7702354942784332, 0.6232052812495812, -0.13547125442797156, 4.09021047893218, 0.0, 0.0, 0.0, 1.0], "CameraNumber": 4, "DistCoeff": [-0.12692125601353346, 0.08332826860087704, -0.0010600744255245154, 0.0006993555326269497, -0.006230675264347368], "FrameHeight": 1080.0, "FrameWidth": 1920.0, "fps": 60.0}}